<keymap version="1" name="GNOME copy" parent="Default for GNOME">
  <action id="EditorBackSpace">
    <keyboard-shortcut first-keystroke="back_space" />
  </action>
  <action id="EditorLineEnd">
    <keyboard-shortcut first-keystroke="end" />
    <keyboard-shortcut first-keystroke="ctrl semicolon" />
  </action>
  <action id="EditorRight">
    <keyboard-shortcut first-keystroke="right" />
    <keyboard-shortcut first-keystroke="ctrl j" />
  </action>
  <action id="Graph.ZoomIn">
    <keyboard-shortcut first-keystroke="add" />
    <keyboard-shortcut first-keystroke="equals" />
    <mouse-shortcut keystroke="control button143" />
  </action>
  <action id="Graph.ZoomOut">
    <keyboard-shortcut first-keystroke="subtract" />
    <keyboard-shortcut first-keystroke="minus" />
    <mouse-shortcut keystroke="control button142" />
  </action>
  <action id="InsertLiveTemplate" />
  <action id="Run">
    <keyboard-shortcut first-keystroke="shift f10" />
    <keyboard-shortcut first-keystroke="shift back_space" />
  </action>
</keymap>