<profile version="1.0">
  <option name="myName" value="Default" />
  <inspection_tool class="DuplicatedCode" enabled="true" level="WEAK WARNING" enabled_by_default="true">
    <Languages>
      <language minSize="82" name="Python" />
    </Languages>
  </inspection_tool>
  <inspection_tool class="PyPackageRequirementsInspection" enabled="true" level="WARNING" enabled_by_default="true">
    <option name="ignoredPackages">
      <value>
        <list size="123">
          <item index="0" class="java.lang.String" itemvalue="traitlets" />
          <item index="1" class="java.lang.String" itemvalue="panda" />
          <item index="2" class="java.lang.String" itemvalue="testpath" />
          <item index="3" class="java.lang.String" itemvalue="pickleshare" />
          <item index="4" class="java.lang.String" itemvalue="python-dateutil" />
          <item index="5" class="java.lang.String" itemvalue="defusedxml" />
          <item index="6" class="java.lang.String" itemvalue="QtPy" />
          <item index="7" class="java.lang.String" itemvalue="cycler" />
          <item index="8" class="java.lang.String" itemvalue="MarkupSafe" />
          <item index="9" class="java.lang.String" itemvalue="ipython-genutils" />
          <item index="10" class="java.lang.String" itemvalue="Pygments" />
          <item index="11" class="java.lang.String" itemvalue="pyzmq" />
          <item index="12" class="java.lang.String" itemvalue="bleach" />
          <item index="13" class="java.lang.String" itemvalue="certifi" />
          <item index="14" class="java.lang.String" itemvalue="entrypoints" />
          <item index="15" class="java.lang.String" itemvalue="pyparsing" />
          <item index="16" class="java.lang.String" itemvalue="jsonschema" />
          <item index="17" class="java.lang.String" itemvalue="notebook" />
          <item index="18" class="java.lang.String" itemvalue="qtconsole" />
          <item index="19" class="java.lang.String" itemvalue="terminado" />
          <item index="20" class="java.lang.String" itemvalue="kiwisolver" />
          <item index="21" class="java.lang.String" itemvalue="jupyter-client" />
          <item index="22" class="java.lang.String" itemvalue="pexpect" />
          <item index="23" class="java.lang.String" itemvalue="ipykernel" />
          <item index="24" class="java.lang.String" itemvalue="nbconvert" />
          <item index="25" class="java.lang.String" itemvalue="attrs" />
          <item index="26" class="java.lang.String" itemvalue="jedi" />
          <item index="27" class="java.lang.String" itemvalue="backcall" />
          <item index="28" class="java.lang.String" itemvalue="widgetsnbextension" />
          <item index="29" class="java.lang.String" itemvalue="matplotlib" />
          <item index="30" class="java.lang.String" itemvalue="virtualenv" />
          <item index="31" class="java.lang.String" itemvalue="idna" />
          <item index="32" class="java.lang.String" itemvalue="decorator" />
          <item index="33" class="java.lang.String" itemvalue="jupyter-core" />
          <item index="34" class="java.lang.String" itemvalue="ptyprocess" />
          <item index="35" class="java.lang.String" itemvalue="pandocfilters" />
          <item index="36" class="java.lang.String" itemvalue="wcwidth" />
          <item index="37" class="java.lang.String" itemvalue="numpy" />
          <item index="38" class="java.lang.String" itemvalue="requests" />
          <item index="39" class="java.lang.String" itemvalue="importlib-metadata" />
          <item index="40" class="java.lang.String" itemvalue="Jinja2" />
          <item index="41" class="java.lang.String" itemvalue="pyrsistent" />
          <item index="42" class="java.lang.String" itemvalue="jupyter" />
          <item index="43" class="java.lang.String" itemvalue="virtualenv-clone" />
          <item index="44" class="java.lang.String" itemvalue="zipp" />
          <item index="45" class="java.lang.String" itemvalue="prompt-toolkit" />
          <item index="46" class="java.lang.String" itemvalue="urllib3" />
          <item index="47" class="java.lang.String" itemvalue="ipywidgets" />
          <item index="48" class="java.lang.String" itemvalue="six" />
          <item index="49" class="java.lang.String" itemvalue="tornado" />
          <item index="50" class="java.lang.String" itemvalue="parso" />
          <item index="51" class="java.lang.String" itemvalue="jupyterthemes" />
          <item index="52" class="java.lang.String" itemvalue="nbformat" />
          <item index="53" class="java.lang.String" itemvalue="ipython" />
          <item index="54" class="java.lang.String" itemvalue="Send2Trash" />
          <item index="55" class="java.lang.String" itemvalue="packaging" />
          <item index="56" class="java.lang.String" itemvalue="pipenv" />
          <item index="57" class="java.lang.String" itemvalue="prometheus-client" />
          <item index="58" class="java.lang.String" itemvalue="chardet" />
          <item index="59" class="java.lang.String" itemvalue="mistune" />
          <item index="60" class="java.lang.String" itemvalue="pandas" />
          <item index="61" class="java.lang.String" itemvalue="jupyter-console" />
          <item index="62" class="java.lang.String" itemvalue="lesscpy" />
          <item index="63" class="java.lang.String" itemvalue="pytz" />
          <item index="64" class="java.lang.String" itemvalue="ply" />
          <item index="65" class="java.lang.String" itemvalue="webencodings" />
          <item index="66" class="java.lang.String" itemvalue="protobuf" />
          <item index="67" class="java.lang.String" itemvalue="Automat" />
          <item index="68" class="java.lang.String" itemvalue="joblib" />
          <item index="69" class="java.lang.String" itemvalue="threadpoolctl" />
          <item index="70" class="java.lang.String" itemvalue="scikit-learn" />
          <item index="71" class="java.lang.String" itemvalue="PyYAML" />
          <item index="72" class="java.lang.String" itemvalue="txt2tags" />
          <item index="73" class="java.lang.String" itemvalue="ufw" />
          <item index="74" class="java.lang.String" itemvalue="pycups" />
          <item index="75" class="java.lang.String" itemvalue="Click" />
          <item index="76" class="java.lang.String" itemvalue="pycairo" />
          <item index="77" class="java.lang.String" itemvalue="constantly" />
          <item index="78" class="java.lang.String" itemvalue="lab" />
          <item index="79" class="java.lang.String" itemvalue="PyGObject" />
          <item index="80" class="java.lang.String" itemvalue="pyasn1-modules" />
          <item index="81" class="java.lang.String" itemvalue="systemd-python" />
          <item index="82" class="java.lang.String" itemvalue="appdirs" />
          <item index="83" class="java.lang.String" itemvalue="PyNaCl" />
          <item index="84" class="java.lang.String" itemvalue="rencode" />
          <item index="85" class="java.lang.String" itemvalue="oauthlib" />
          <item index="86" class="java.lang.String" itemvalue="hyperlink" />
          <item index="87" class="java.lang.String" itemvalue="service-identity" />
          <item index="88" class="java.lang.String" itemvalue="python-xlib" />
          <item index="89" class="java.lang.String" itemvalue="Werkzeug" />
          <item index="90" class="java.lang.String" itemvalue="aniso8601" />
          <item index="91" class="java.lang.String" itemvalue="cryptography" />
          <item index="92" class="java.lang.String" itemvalue="python-apt" />
          <item index="93" class="java.lang.String" itemvalue="simplejson" />
          <item index="94" class="java.lang.String" itemvalue="pyxdg" />
          <item index="95" class="java.lang.String" itemvalue="pymacaroons" />
          <item index="96" class="java.lang.String" itemvalue="PyJWT" />
          <item index="97" class="java.lang.String" itemvalue="requests-unixsocket" />
          <item index="98" class="java.lang.String" itemvalue="sklearn" />
          <item index="99" class="java.lang.String" itemvalue="pyasn1" />
          <item index="100" class="java.lang.String" itemvalue="wadllib" />
          <item index="101" class="java.lang.String" itemvalue="pydbus" />
          <item index="102" class="java.lang.String" itemvalue="selenium" />
          <item index="103" class="java.lang.String" itemvalue="pyOpenSSL" />
          <item index="104" class="java.lang.String" itemvalue="sessioninstaller" />
          <item index="105" class="java.lang.String" itemvalue="itsdangerous" />
          <item index="106" class="java.lang.String" itemvalue="xgboost" />
          <item index="107" class="java.lang.String" itemvalue="Flask" />
          <item index="108" class="java.lang.String" itemvalue="blinker" />
          <item index="109" class="java.lang.String" itemvalue="scipy" />
          <item index="110" class="java.lang.String" itemvalue="system-service" />
          <item index="111" class="java.lang.String" itemvalue="xkit" />
          <item index="112" class="java.lang.String" itemvalue="PyHamcrest" />
          <item index="113" class="java.lang.String" itemvalue="incremental" />
          <item index="114" class="java.lang.String" itemvalue="pyRFC3339" />
          <item index="115" class="java.lang.String" itemvalue="colorama" />
          <item index="116" class="java.lang.String" itemvalue="pyudev" />
          <item index="117" class="java.lang.String" itemvalue="olefile" />
          <item index="118" class="java.lang.String" itemvalue="pyxattr" />
          <item index="119" class="java.lang.String" itemvalue="setproctitle" />
          <item index="120" class="java.lang.String" itemvalue="Flask-RESTful" />
          <item index="121" class="java.lang.String" itemvalue="Twisted" />
          <item index="122" class="java.lang.String" itemvalue="click" />
        </list>
      </value>
    </option>
  </inspection_tool>
  <inspection_tool class="PyPep8NamingInspection" enabled="true" level="WEAK WARNING" enabled_by_default="true">
    <option name="ignoredErrors">
      <list>
        <option value="N803" />
        <option value="N802" />
      </list>
    </option>
    <option name="ignoreOverriddenFunctions" value="false" />
  </inspection_tool>
  <inspection_tool class="PyUnresolvedReferencesInspection" enabled="true" level="WARNING" enabled_by_default="true">
    <option name="ignoredIdentifiers">
      <list>
        <option value="lection_4_class.academic_biulding.task_3" />
      </list>
    </option>
  </inspection_tool>
</profile>